{
  "project_info": {
    "project_number": "768682204534",
    "firebase_url": "https://fir-mahasiswa-2f25b-default-rtdb.firebaseio.com",
    "project_id": "fir-mahasiswa-2f25b",
    "storage_bucket": "fir-mahasiswa-2f25b.appspot.com"
  },
  "client": [
    {
      "client_info": {
        "mobilesdk_app_id": "1:768682204534:android:7f4a27900c17c01c90ee57",
        "android_client_info": {
          "package_name": "com.example.mahasiswa"
        }
      },
      "oauth_client": [],
      "api_key": [
        {
          "current_key": "AIzaSyDMMzkNlIsBCG_eHNo6Cci2lsz9G5euoJg"
        }
      ],
      "services": {
        "appinvite_service": {
          "other_platform_oauth_client": []
        }
      }
    }
  ],
  "configuration_version": "1"
}